segment,seri_no,ram_gb,kamera_mp,ekran_boyutu,batarya_mah,storage_gb,cihaz_durum,cihaz_fiyat,cikis_yili
0,8,2,12,4,1821,64,1,6349,2017
0,9,3,12,4,1821,128,0,7299,2020
0,8,3,12,5,2691,64,1,7849,2017
0,9,3,12,4,1821,64,0,7899,2020
0,8,3,12,5,2691,64,2,8049,2017
0,9,3,12,4,1821,64,1,8099,2020
0,8,3,12,5,2691,64,3,8249,2017
0,9,3,12,4,1821,64,2,8299,2020
0,9,3,12,4,1821,128,0,8899,2020
0,9,3,12,4,1821,128,2,9299,2020
0,8,3,12,5,2691,128,2,9299,2017
0,10,3,12,5,2716,64,0,9399,2017
0,10,3,12,5,2716,128,3,9399,2017
0,8,3,12,5,2691,128,3,9499,2017
0,10,3,12,5,2716,64,1,9599,2017
0,9,3,12,4,1821,256,0,9599,2020
0,10,3,12,5,2716,64,2,9799,2017
0,10,3,12,5,2716,64,3,9999,2017
0,8,3,12,5,2691,256,1,10149,2017
0,10,3,12,5,2716,256,1,10399,2017
0,9,3,12,4,1821,256,3,10399,2020
0,8,3,12,5,2691,256,2,10449,2017
0,10,4,12,5,2716,64,2,10699,2017
0,8,3,12,5,2691,256,3,10749,2017
0,10,3,12,5,2716,256,2,11699,2017
0,11,4,12,6,3110,64,3,12199,2019
0,11,4,12,6,3110,64,3,12499,2019
0,11,4,12,6,3110,64,0,13199,2019
0,11,4,12,6,3110,64,0,13699,2019
0,11,4,12,6,3110,64,1,13699,2019
0,11,4,12,6,3110,128,0,13999,2019
0,11,4,12,6,3110,64,1,14199,2019
0,11,4,12,6,3110,128,1,14199,2019
0,11,4,12,6,3110,128,1,14499,2019
0,12,4,12,5,2227,64,1,14599,2020
0,11,4,12,6,3110,64,2,14699,2019
0,11,4,12,6,3110,64,3,14999,2019
0,11,4,12,6,3110,64,2,15199,2019
0,11,4,12,6,3110,64,3,15499,2019
0,11,4,12,6,3110,128,2,15699,2019
0,11,4,12,6,3110,128,0,16499,2019
0,11,4,12,6,3110,128,1,16999,2019
0,11,4,12,6,3110,128,0,16999,2019
0,11,4,12,6,3110,128,1,17499,2019
0,11,4,12,6,3110,256,2,17699,2019
0,11,4,12,6,3110,128,2,18199,2019
0,12,4,12,5,2227,64,2,18449,2020
0,11,4,12,6,3110,128,3,18499,2019
0,12,4,12,5,2227,64,0,18599,2020
0,11,4,12,6,3110,128,2,18699,2019
0,11,4,12,6,3110,256,0,18699,2019
0,12,4,12,5,2227,64,1,18899,2020
0,11,4,12,6,3110,128,3,18999,2019
0,11,4,12,6,3110,256,1,19199,2019
0,12,4,12,5,2227,64,2,19199,2020
0,11,4,12,6,3110,256,0,19199,2019
0,12,4,12,6,2815,64,0,19299,2020
0,12,4,12,5,2227,64,3,19499,2020
0,11,4,12,6,3110,256,1,19699,2019
0,12,4,12,5,2227,128,0,19849,2020
0,11,4,12,6,3969,64,1,20099,2019
0,11,4,12,6,3110,256,2,20199,2019
0,12,4,12,6,2815,64,2,20399,2020
0,11,4,12,6,3969,64,2,20399,2019
0,11,4,12,6,3110,256,3,20499,2019
0,12,4,12,5,2227,128,0,20599,2020
0,11,4,12,6,3969,64,3,20699,2019
0,12,4,12,6,2815,64,3,20699,2020
0,11,4,12,6,3110,256,2,20699,2019
0,11,4,12,5,3046,64,1,20899,2019
0,11,4,12,6,3110,256,3,20999,2019
0,11,4,12,5,3046,64,0,21099,2019
0,12,4,12,5,2227,128,2,21199,2020
0,11,4,12,5,3046,64,2,21199,2019
0,11,4,12,5,3046,64,1,21399,2019
0,11,4,12,5,3046,64,2,21699,2019
0,12,4,12,6,2815,64,0,21849,2020
0,11,4,12,5,3046,64,3,21999,2019
0,12,4,12,6,2815,64,1,22149,2020
0,11,4,12,6,3969,64,0,22399,2019
0,12,4,12,5,2227,256,2,22449,2020
0,12,4,12,6,2815,64,0,22599,2020
0,12,4,12,5,2227,256,0,22599,2020
0,12,4,12,6,2815,64,1,22899,2020
0,12,4,12,5,2227,256,1,22899,2020
0,12,4,12,6,2815,64,2,22949,2020
0,11,4,12,5,3046,256,0,22999,2019
0,12,4,12,5,2227,256,2,23199,2020
0,12,4,12,6,2815,64,3,23249,2020
0,11,4,12,6,3969,64,1,23399,2019
0,11,4,12,5,3046,256,0,23499,2019
0,11,4,12,6,3969,64,3,23499,2019
0,12,4,12,6,2815,64,2,23699,2020
0,11,4,12,6,3969,64,2,23699,2019
0,12,4,12,6,2815,128,0,23749,2020
0,12,4,12,6,2815,64,3,23999,2020
0,11,4,12,6,3969,64,3,23999,2019
0,11,4,12,5,3046,256,2,23999,2019
0,11,4,12,5,3046,256,1,23999,2019
0,12,4,12,6,2815,128,1,24049,2020
0,11,4,12,5,3046,256,3,24299,2019
0,12,4,12,6,2815,128,0,24499,2020
0,11,4,12,5,3046,256,2,24499,2019
0,12,4,12,6,2815,128,1,24799,2020
0,11,4,12,5,3046,256,3,24799,2019
0,12,4,12,6,2815,128,2,24949,2020
0,11,4,12,6,3969,256,0,25049,2019
0,11,4,12,6,3969,512,2,25099,2019
0,12,4,12,6,2815,128,3,25249,2020
0,11,4,12,6,3969,256,1,25349,2019
0,11,4,12,6,3969,256,0,25549,2019
0,11,4,12,6,3969,256,2,25649,2019
0,12,4,12,6,2815,128,2,25699,2020
0,11,4,12,6,3969,256,1,25849,2019
0,12,4,12,6,2815,128,3,25999,2020
0,11,4,12,6,3969,256,2,26149,2019
0,11,4,12,5,3046,512,0,26599,2019
0,11,4,12,5,3046,512,1,26899,2019
0,12,4,12,6,2815,256,1,27149,2020
0,11,4,12,5,3046,512,2,27199,2019
0,12,4,12,6,2815,256,2,27449,2020
0,12,4,12,6,2815,256,0,27599,2020
0,13,4,12,6,3227,128,2,27699,2021
0,12,4,12,6,2815,256,3,27749,2020
0,12,4,12,6,2815,256,1,27899,2020
0,12,4,12,6,2815,256,2,28199,2020
0,11,4,12,6,3969,512,2,28199,2019
0,12,6,12,6,2815,128,0,28299,2020
0,11,4,12,6,3969,512,1,28399,2019
0,12,4,12,6,2815,256,3,28499,2020
0,13,4,12,5,2406,128,0,28599,2021
0,11,4,12,6,3969,512,2,28699,2019
0,13,4,12,5,2406,128,2,29199,2021
0,13,4,12,5,2406,128,0,29599,2021
0,13,4,12,6,3227,128,0,29699,2021
0,13,4,12,5,2406,128,1,29899,2021
0,13,4,12,6,3227,128,1,29999,2021
0,13,4,12,5,2406,128,2,30199,2021
0,13,4,12,6,3227,128,2,30299,2021
0,13,4,12,5,2406,128,3,30499,2021
0,13,4,12,6,3227,128,3,30599,2021
0,13,4,12,6,3227,128,0,30699,2021
0,12,6,12,6,2815,128,0,30849,2020
0,13,4,12,5,2406,256,1,30899,2021
0,13,4,12,6,3227,128,1,30999,2021
0,12,6,12,6,2815,128,1,31149,2020
0,13,4,12,6,3227,128,2,31299,2021
0,12,6,12,6,2815,128,0,31599,2020
0,13,4,12,6,3227,128,3,31599,2021
0,12,6,12,6,2815,128,1,31899,2020
0,12,6,12,6,2815,128,2,31949,2020
0,12,6,12,6,2815,128,3,32249,2020
0,12,6,12,6,2815,512,1,32299,2020
0,12,6,12,6,2815,256,0,32349,2020
0,12,6,12,6,3687,128,0,32499,2020
0,12,6,12,6,2815,256,1,32649,2020
0,12,6,12,6,2815,128,2,32699,2020
0,12,6,12,6,2815,128,3,32999,2020
0,12,6,12,6,3687,128,1,32999,2020
0,13,4,12,5,2406,512,3,32999,2021
0,12,6,12,6,2815,256,0,33099,2020
0,12,6,12,6,2815,256,1,33399,2020
0,12,6,12,6,3687,128,1,33399,2020
0,12,6,12,6,3687,128,2,33499,2020
0,12,6,12,6,2815,256,2,34699,2020
0,12,6,12,6,2815,256,3,34999,2020
0,12,6,12,6,2815,512,0,35349,2020
0,13,4,12,6,3227,256,0,36299,2021
0,12,6,12,6,2815,512,1,36399,2020
0,12,6,12,6,3687,256,2,36399,2020
0,12,6,12,6,3687,128,0,36499,2020
0,12,6,12,6,3687,256,3,36499,2020
0,12,6,12,6,2815,512,3,36749,2020
0,12,6,12,6,3687,128,2,36749,2020
0,13,4,12,6,3227,256,2,36899,2021
0,12,6,12,6,3687,128,1,36999,2020
0,12,6,12,6,2815,512,2,37199,2020
0,13,4,12,6,3227,256,3,37199,2021
0,12,6,12,6,3687,128,3,37249,2020
0,13,4,12,6,3227,256,0,37299,2021
0,12,6,12,6,3687,128,2,37499,2020
0,13,4,12,6,3227,256,1,37599,2021
0,13,4,12,6,3227,256,2,37899,2021
0,13,4,12,6,3227,512,0,38099,2021
0,13,4,12,6,3227,256,3,38199,2021
0,12,6,12,6,3687,256,0,38249,2020
0,14,6,12,6,4325,128,1,38399,2022
0,13,4,12,6,3227,512,2,38699,2021
0,12,6,12,6,3687,256,1,38749,2020
0,12,6,12,6,3687,512,2,38899,2020
0,12,6,12,6,3687,256,0,38999,2020
0,14,6,12,6,3279,128,0,39099,2022
0,12,6,12,6,3687,256,2,39249,2020
0,14,6,12,6,3279,128,1,39399,2022
0,12,6,12,6,3687,256,1,39499,2020
0,13,4,12,6,3227,512,2,39699,2021
0,12,6,12,6,3687,256,2,39999,2020
0,14,6,12,6,3279,256,1,40399,2022
0,12,6,12,6,3687,256,3,40499,2020
0,14,6,12,6,3279,128,2,40699,2022
0,14,6,12,6,3279,128,3,40999,2022
0,12,6,12,6,3687,512,1,41249,2020
0,12,6,12,6,3687,512,1,41999,2020
0,14,6,12,6,4325,128,0,42099,2022
0,14,6,12,6,4325,128,1,42399,2022
0,14,6,12,6,4325,128,2,43699,2022
0,14,6,12,6,4325,128,3,43999,2022
0,14,6,12,6,3279,256,0,44099,2022
0,14,6,12,6,3279,256,1,44399,2022
0,14,6,12,6,4325,256,1,44399,2022
0,14,6,12,6,3279,256,2,44699,2022
0,14,6,12,6,3279,256,3,44999,2022
0,14,6,12,6,4325,256,2,45699,2022
0,13,6,12,6,3095,128,1,47399,2021
0,15,6,48,6,3349,128,0,47599,2023
0,15,6,48,6,3349,128,1,47899,2023
0,13,6,12,6,3095,128,0,48099,2021
0,15,6,48,6,3349,128,2,48199,2023
0,13,6,12,6,3095,128,1,48399,2021
0,15,6,48,6,3349,128,3,48499,2023
0,13,6,12,6,3095,128,2,48699,2021
0,14,6,12,6,3279,512,2,48699,2022
0,13,6,12,6,3095,128,3,48999,2021
0,14,6,12,6,3279,512,3,48999,2022
0,13,6,12,6,4352,128,0,49499,2021
0,13,6,12,6,3095,128,2,49699,2021
0,13,6,12,6,3095,128,3,49999,2021
0,13,6,12,6,3095,256,1,50399,2021
0,13,6,12,6,3095,256,3,50999,2021
0,13,6,12,6,3095,256,0,50999,2021
0,13,6,12,6,3095,512,0,51599,2021
0,13,6,12,6,3095,256,2,51699,2021
0,13,6,12,6,3095,512,1,51899,2021
0,13,6,12,6,3095,256,3,51999,2021
0,13,6,12,6,4352,128,1,52399,2021
0,13,6,12,6,4352,128,0,53099,2021
0,13,6,12,6,3095,512,2,53199,2021
0,13,6,12,6,4352,128,1,53399,2021
0,15,6,48,6,3349,256,0,53599,2023
0,15,6,48,6,3349,256,1,53899,2023
0,13,6,12,6,4352,128,3,53999,2021
0,15,6,48,6,3349,256,2,54199,2023
0,14,6,48,6,3200,128,1,54399,2022
0,15,6,48,6,3349,256,3,54499,2023
0,13,6,12,6,4352,128,2,54699,2021
0,13,6,12,6,4352,128,3,54999,2021
0,13,6,12,6,4352,256,0,55099,2021
0,14,6,48,6,3200,128,0,55099,2022
0,13,6,12,6,4352,256,1,55399,2021
0,15,6,48,6,4383,128,0,55599,2023
0,15,6,48,6,4383,128,1,55899,2023
0,15,6,48,6,4383,128,2,56199,2023
0,15,6,48,6,4383,128,3,56499,2023
0,13,6,12,6,4352,256,2,56699,2021
0,13,6,12,6,4352,256,3,56999,2021
0,14,6,48,6,3200,128,3,56999,2022
0,13,6,12,6,4352,512,0,57899,2021
0,13,6,12,6,4352,512,1,58199,2021
0,15,6,48,6,3349,512,1,58399,2023
0,14,6,48,6,4323,128,1,58499,2022
0,15,6,48,6,3349,512,2,58699,2023
0,13,6,12,6,4352,512,3,58799,2021
0,14,6,48,6,3200,128,0,59099,2022
0,13,6,12,6,4352,1,1,59399,2021
0,14,6,48,6,3200,128,1,59399,2022
0,13,6,12,6,4352,512,2,59499,2021
0,14,6,48,6,4323,128,2,59999,2022
0,14,6,48,6,4323,256,0,60499,2022
0,13,6,12,6,4352,1,2,60699,2021
0,14,6,48,6,3200,128,2,60699,2022
0,14,6,48,6,3200,128,3,60999,2022
0,15,6,48,6,4383,256,0,61099,2023
0,15,6,48,6,4383,256,1,61399,2023
0,14,6,48,6,4323,256,0,61499,2022
0,14,6,48,6,4323,128,0,61999,2022
0,15,6,48,6,4383,256,3,61999,2023
0,14,6,48,6,3200,256,0,62099,2022
0,14,6,48,6,3200,256,1,62399,2022
0,14,6,48,6,4323,128,1,62499,2022
0,14,6,48,6,3200,256,2,63699,2022
0,14,6,48,6,3200,256,3,63999,2022
0,14,6,48,6,4323,128,2,63999,2022
0,14,6,48,6,4323,128,3,64999,2022
0,14,6,48,6,3200,512,0,65099,2022
0,14,6,48,6,3200,512,1,65499,2022
0,14,6,48,6,4323,256,1,65999,2022
0,14,6,48,6,3200,512,2,66699,2022
0,14,6,48,6,4323,256,2,67499,2022
0,15,6,48,6,4383,512,3,67499,2023
0,14,6,48,6,3200,1,0,68099,2022
0,14,6,48,6,4323,256,3,68499,2022
0,14,6,48,6,4323,512,1,69999,2022
0,14,6,48,6,4323,512,2,70999,2022
0,15,8,48,6,3274,128,0,71099,2023
0,15,8,48,6,3274,128,1,71399,2023
0,15,8,48,6,3274,128,2,71699,2023
0,15,8,48,6,3274,256,2,71949,2023
0,14,6,48,6,4323,512,3,71999,2022
0,15,8,48,6,3274,128,3,71999,2023
0,14,6,48,6,4323,1,1,72499,2022
0,15,8,48,6,3274,256,0,75099,2023
0,15,8,48,6,3274,256,1,75399,2023
0,15,8,48,6,3274,256,2,75699,2023
0,15,8,48,6,3274,256,3,75999,2023
0,15,8,48,6,4422,256,2,76899,2023
0,15,8,48,6,3274,512,0,80099,2023
0,15,8,48,6,3274,512,1,80399,2023
0,15,8,48,6,3274,512,2,80699,2023
0,15,8,48,6,3274,512,3,80999,2023
0,15,8,48,6,4422,256,0,83099,2023
0,15,8,48,6,4422,256,1,83399,2023
0,15,8,48,6,4422,256,2,83699,2023
0,15,8,48,6,4422,256,3,83999,2023
0,15,8,48,6,4422,512,0,88599,2023
0,15,8,48,6,4422,512,1,88899,2023
0,15,8,48,6,4422,512,2,89199,2023
0,15,8,48,6,4422,512,3,89499,2023
0,16,8,48,6,4676,256,3,109047,2024
0,16,8,48,6,4676,256,3,108697,2024
0,16,8,48,6,4676,256,3,110999,2024
0,16,8,48,6,4676,256,3,109000,2024
0,16,8,48,6,4676,256,2,105399,2024
0,16,8,48,6,3582,128,3,93999,2024
0,16,8,48,6,3582,256,3,98999,2024
0,16,8,48,6,3582,256,3,101999,2024
0,16,8,48,6,3582,256,3,99399,2024
0,16,8,48,6,3582,512,3,102498,2024
0,16,8,48,6,3582,512,3,100998,2024
0,16,8,48,6,3582,512,3,101000,2024
0,16,8,48,6,3561,128,3,69900,2024
0,16,8,48,6,3561,128,3,69999,2024
0,16,8,48,6,3561,128,3,72499,2024
0,16,8,48,6,3561,128,2,70299,2024
0,16,8,48,6,3561,256,3,68597,2024
0,16,8,48,6,3561,512,3,78699,2024
0,16,8,48,6,3561,256,2,73299,2024
0,16,8,48,6,3561,256,3,75599,2024
0,15,8,48,6,4422,256,3,84598,2023
0,15,8,48,6,4422,256,3,82148,2023
0,15,8,48,6,4422,256,3,85879,2023
0,15,8,48,6,4422,256,3,86549,2023
0,15,8,48,6,4422,512,3,89999,2023
0,15,8,48,6,4422,256,2,82599,2023
0,15,8,48,6,4422,1,3,93999,2023
0,15,8,48,6,4422,1,3,96500,2023
0,14,6,48,6,4323,128,3,63888,2022
0,14,6,48,6,4323,256,3,68395,2022
0,14,6,48,6,4323,128,3,65000,2022
0,14,6,48,6,4323,128,3,62590,2022
0,14,6,48,6,4323,256,3,68888,2022
0,14,6,48,6,4323,256,3,69899,2022
0,14,6,48,6,4323,128,3,62549,2022
0,14,6,48,6,4323,256,2,63999,2022
0,14,6,48,6,4323,1,3,75447,2022
0,14,6,48,6,4323,512,3,70848,2022
0,14,6,48,6,4323,256,3,71999,2022
0,14,6,48,6,4323,128,2,62349,2022
0,13,4,12,6,3227,128,3,32799,2021
0,13,4,12,6,3227,128,3,32000,2021
0,13,4,12,6,3227,128,3,32849,2021
0,13,4,12,6,3227,128,3,32999,2021
0,13,4,12,6,3227,128,3,32845,2021
0,13,4,12,6,3227,256,3,35499,2021
4,16,8,48,6,4685,1024,2,105561,2024
4,16,8,48,6,4685,1024,3,106990,2024
4,16,8,48,6,4685,1024,3,104900,2024
4,16,8,48,6,4685,1024,3,109499,2024
4,16,8,48,6,4685,512,3,100990,2024
4,16,8,48,6,4685,512,3,102299,2024
4,16,8,48,6,4685,512,2,99630,2024
4,16,8,48,6,4685,512,3,100570,2024
4,16,8,48,6,4685,512,3,101990,2024
4,16,8,48,6,4685,512,2,102999,2024
4,16,8,48,6,4685,512,3,103399,2024
4,16,8,48,6,4685,512,1,103499,2024
4,16,8,48,6,4685,512,3,109999,2024
4,16,8,48,6,4685,512,3,112999,2024
3,16,8,48,6,3582,256,3,90990,2024
3,16,8,48,6,3582,256,1,93499,2024
3,16,8,48,6,3582,256,3,89769,2024
3,16,8,48,6,3582,256,3,90709,2024
3,16,8,48,6,3582,256,3,91990,2024
3,16,8,48,6,3582,256,3,94000,2024
3,16,8,48,6,3582,128,3,84900,2024
3,16,8,48,6,3582,128,3,84995,2024
3,16,8,48,6,3582,128,2,84815,2024
3,16,8,48,6,3582,128,3,86808,2024
3,16,8,48,6,3582,128,3,87889,2024
3,16,8,48,6,3582,128,3,87990,2024
3,16,8,48,6,3582,128,3,93999,2024
3,16,8,48,6,3582,128,3,95999,2024
2,16,8,48,6,4674,128,3,64879,2024
2,16,8,48,6,4674,128,2,62990,2024
2,16,8,48,6,4674,256,3,64990,2024
2,16,8,48,6,4674,256,1,66499,2024
2,16,8,48,6,4674,256,2,63440,2024
4,15,8,48,6,4441,512,2,74499,2023
4,15,8,48,6,4441,512,3,75199,2023
4,15,8,48,6,4441,512,2,72943,2023
4,15,8,48,6,4441,512,3,74199,2023
4,15,8,48,6,4441,512,3,74499,2023
4,15,8,48,6,4441,512,3,74999,2023
4,15,8,48,6,4441,512,3,75669,2023
4,15,8,48,6,4441,512,2,76139,2023
4,15,8,48,6,4441,512,3,77949,2023
4,15,8,48,6,4441,512,3,77999,2023
4,15,8,48,6,4441,512,2,78019,2023
4,15,8,48,6,4441,512,3,78181,2023
4,15,8,48,6,4441,512,3,78490,2023
4,15,8,48,6,4441,512,2,79695,2023
4,15,8,48,6,4441,512,2,79899,2023
4,15,8,48,6,4441,512,3,79999,2023
4,15,8,48,6,4441,512,3,80810,2023
4,15,8,48,6,4441,512,3,81807,2023
4,15,8,48,6,4441,512,3,82545,2023
4,15,8,48,6,4441,512,3,82992,2023
4,15,8,48,6,4441,512,3,87677,2023
4,15,8,48,6,4441,512,3,88599,2023
4,15,8,48,6,4441,512,3,88899,2023
4,15,8,48,6,4441,512,3,89499,2023
4,15,8,48,6,4441,256,2,69999,2023
4,15,8,48,6,4441,256,3,71436,2023
4,15,8,48,6,4441,256,2,66261,2023
4,15,8,48,6,4441,256,3,69999,2023
4,15,8,48,6,4441,256,3,71499,2023
4,15,8,48,6,4441,256,3,72999,2023
4,15,8,48,6,4441,256,2,73319,2023
4,15,8,48,6,4441,256,3,74259,2023
4,15,8,48,6,4441,256,3,74490,2023
4,15,8,48,6,4441,256,3,74696,2023
4,15,8,48,6,4441,256,3,74729,2023
4,15,8,48,6,4441,256,3,74999,2023
4,15,8,48,6,4441,256,3,75999,2023
4,15,8,48,6,4441,256,2,77114,2023
4,15,8,48,6,4441,256,3,77799,2023
4,15,8,48,6,4441,256,3,79024,2023
4,15,8,48,6,4441,256,3,80208,2023
4,15,8,48,6,4441,256,3,83399,2023
4,15,8,48,6,4441,256,3,83999,2023
4,15,8,48,6,4441,256,3,89199,2023
4,15,8,48,6,4441,1024,1,77999,2023
4,15,8,48,6,4441,1024,2,78413,2023
4,15,8,48,6,4441,1024,2,74999,2023
4,15,8,48,6,4441,1024,3,78999,2023
4,15,8,48,6,4441,1024,3,79999,2023
4,15,8,48,6,4441,1024,3,80839,2023
4,15,8,48,6,4441,1024,2,82999,2023
4,15,8,48,6,4441,1024,3,83998,2023
4,15,8,48,6,4441,1024,3,84777,2023
4,15,8,48,6,4441,1024,3,85999,2023
4,15,8,48,6,4441,1024,3,92399,2023
4,15,8,48,6,4441,1024,3,92999,2023
3,15,8,48,6,3274,512,2,66123,2023
3,15,8,48,6,3274,512,3,67999,2023
3,15,8,48,6,3274,512,2,65999,2023
3,15,8,48,6,3274,512,3,69183,2023
3,15,8,48,6,3274,512,3,71011,2023
3,15,8,48,6,3274,512,3,72506,2023
3,15,8,48,6,3274,512,1,72900,2023
3,15,8,48,6,3274,512,3,73199,2023
3,15,8,48,6,3274,512,3,75999,2023
3,15,8,48,6,3274,512,3,79999,2023
3,15,8,48,6,3274,512,3,80399,2023
3,15,8,48,6,3274,512,3,80699,2023
3,15,8,48,6,3274,512,3,80999,2023
3,15,8,48,6,3274,512,3,90199,2023
3,15,8,48,6,3274,256,3,63825,2023
3,15,8,48,6,3274,256,2,63999,2023
3,15,8,48,6,3274,256,2,62199,2023
3,15,8,48,6,3274,256,3,65329,2023
3,15,8,48,6,3274,256,3,65499,2023
3,15,8,48,6,3274,256,3,65799,2023
3,15,8,48,6,3274,256,3,65949,2023
3,15,8,48,6,3274,256,3,66119,2023
3,15,8,48,6,3274,256,3,66499,2023
3,15,8,48,6,3274,256,3,66832,2023
3,15,8,48,6,3274,256,3,66936,2023
3,15,8,48,6,3274,256,3,67083,2023
3,15,8,48,6,3274,256,3,67084,2023
3,15,8,48,6,3274,256,3,67459,2023
3,15,8,48,6,3274,256,3,67724,2023
3,15,8,48,6,3274,256,3,67800,2023
3,15,8,48,6,3274,256,3,68529,2023
3,15,8,48,6,3274,256,3,70649,2023
3,15,8,48,6,3274,256,3,71109,2023
3,15,8,48,6,3274,256,2,73099,2023
3,15,8,48,6,3274,256,3,73999,2023
3,15,8,48,6,3274,256,3,75099,2023
3,15,8,48,6,3274,256,3,75399,2023
3,15,8,48,6,3274,256,3,75999,2023
3,15,8,48,6,3274,256,2,76241,2023
3,15,8,48,6,3274,256,3,89999,2023
3,15,8,48,6,3274,1024,3,71345,2023
3,15,8,48,6,3274,1024,1,74900,2023
3,15,8,48,6,3274,1024,2,67999,2023
3,15,8,48,6,3274,1024,3,75775,2023
3,15,8,48,6,3274,1024,3,75999,2023
3,15,8,48,6,3274,1024,3,87699,2023
3,15,8,48,6,3274,1024,3,87999,2023
3,15,8,48,6,3274,1024,2,87999,2023
4,16,8,48,6,4685,512,3,99630,2024
4,16,8,48,6,4685,512,3,102999,2024
3,15,8,48,6,3274,128,3,61324,2023
3,15,8,48,6,3274,128,3,61379,2023
3,15,8,48,6,3274,128,2,58599,2023
3,15,8,48,6,3274,128,2,60099,2023
3,15,8,48,6,3274,128,3,60999,2023
3,15,8,48,6,3274,128,3,61799,2023
3,15,8,48,6,3274,128,1,61999,2023
3,15,8,48,6,3274,128,3,62199,2023
3,15,8,48,6,3274,128,3,63281,2023
3,15,8,48,6,3274,128,3,63363,2023
3,15,8,48,6,3274,128,3,63919,2023
3,15,8,48,6,3274,128,2,63919,2023
3,15,8,48,6,3274,128,3,63999,2023
3,15,8,48,6,3274,128,3,64454,2023
3,15,8,48,6,3274,128,3,64697,2023
3,15,8,48,6,3274,128,3,64999,2023
3,15,8,48,6,3274,128,2,65298,2023
3,15,8,48,6,3274,128,3,65451,2023
3,15,8,48,6,3274,128,3,66201,2023
3,15,8,48,6,3274,128,3,67016,2023
3,15,8,48,6,3274,128,3,67999,2023
3,15,8,48,6,3274,128,3,68999,2023
3,15,8,48,6,3274,128,3,71399,2023
3,15,8,48,6,3274,128,3,71999,2023
3,15,8,48,6,3274,128,3,88999,2023
2,15,6,48,6,4383,512,2,63529,2023
2,15,6,48,6,4383,512,3,67499,2023
2,15,6,48,6,4383,512,3,62570,2023
2,15,6,48,6,4383,512,3,69523,2023
2,15,6,48,6,4383,256,2,48849,2023
2,15,6,48,6,4383,256,3,48999,2023
2,15,6,48,6,4383,256,2,47899,2023
2,15,6,48,6,4383,256,3,48849,2023
2,15,6,48,6,4383,256,1,52999,2023
2,15,6,48,6,4383,256,3,54331,2023
2,15,6,48,6,4383,256,1,54331,2023
2,15,6,48,6,4383,256,3,54575,2023
2,15,6,48,6,4383,256,3,54775,2023
2,15,6,48,6,4383,256,3,56808,2023
2,15,6,48,6,4383,256,3,57788,2023
2,15,6,48,6,4383,256,3,57999,2023
2,15,6,48,6,4383,256,3,58999,2023
2,15,6,48,6,4383,256,3,61399,2023
2,15,6,48,6,4383,256,3,61599,2023
2,15,6,48,6,4383,256,3,61699,2023
2,15,6,48,6,4383,256,3,61999,2023
0,15,6,48,6,3349,512,3,54964,2023
0,15,6,48,6,3349,512,3,56999,2023
0,15,6,48,6,3349,512,2,48949,2023
0,15,6,48,6,3349,512,3,58399,2023
0,15,6,48,6,3349,512,3,58699,2023
0,15,6,48,6,3349,512,1,60459,2023
0,15,6,48,6,3349,256,3,41932,2023
0,15,6,48,6,3349,256,3,42490,2023
0,15,6,48,6,3349,256,2,41040,2023
0,15,6,48,6,3349,256,2,43599,2023
0,15,6,48,6,3349,256,3,43599,2023
0,15,6,48,6,3349,256,3,44199,2023
0,15,6,48,6,3349,256,3,44609,2023
0,15,6,48,6,3349,256,1,44999,2023
0,15,6,48,6,3349,256,3,45799,2023
0,15,6,48,6,3349,256,3,46698,2023
0,15,6,48,6,3349,256,3,46699,2023
0,15,6,48,6,3349,256,3,46999,2023
0,15,6,48,6,3349,256,3,47831,2023
0,15,6,48,6,3349,256,3,48597,2023
0,15,6,48,6,3349,256,3,48899,2023
0,15,6,48,6,3349,256,2,48999,2023
0,15,6,48,6,3349,256,3,49819,2023
0,15,6,48,6,3349,256,3,50499,2023
0,15,6,48,6,3349,256,3,53899,2023
0,15,6,48,6,3349,256,3,54199,2023
0,15,6,48,6,3349,128,3,39958,2023
0,15,6,48,6,3349,128,3,40198,2023
0,15,6,48,6,3349,128,2,39108,2023
0,15,6,48,6,3349,128,3,39749,2023
0,15,6,48,6,3349,128,3,40942,2023
0,15,6,48,6,3349,128,3,41048,2023
0,15,6,48,6,3349,128,3,41134,2023
0,15,6,48,6,3349,128,3,41199,2023
0,15,6,48,6,3349,128,2,41224,2023
0,15,6,48,6,3349,128,3,41224,2023
0,15,6,48,6,3349,128,3,41443,2023
0,15,6,48,6,3349,128,3,41593,2023
0,15,6,48,6,3349,128,3,41599,2023
0,15,6,48,6,3349,128,2,41599,2023
0,15,6,48,6,3349,128,3,42421,2023
0,15,6,48,6,3349,128,3,42449,2023
0,15,6,48,6,3349,128,3,42459,2023
0,15,6,48,6,3349,128,3,42465,2023
0,15,6,48,6,3349,128,3,42483,2023
0,15,6,48,6,3349,128,3,42766,2023
0,15,6,48,6,3349,128,3,43542,2023
0,15,6,48,6,3349,128,3,43779,2023
4,14,6,48,6,4323,512,2,57442,2022
4,14,6,48,6,4323,512,2,59999,2022
4,14,6,48,6,4323,512,1,56493,2022
4,14,6,48,6,4323,512,1,58949,2022
4,14,6,48,6,4323,512,3,59219,2022
4,14,6,48,6,4323,512,3,61594,2022
4,14,6,48,6,4323,512,3,61999,2022
4,14,6,48,6,4323,512,1,62799,2022
4,14,6,48,6,4323,512,1,62999,2022
4,14,6,48,6,4323,512,3,62999,2022
4,14,6,48,6,4323,512,2,63167,2022
4,14,6,48,6,4323,512,3,67499,2022
4,14,6,48,6,4323,512,3,68999,2022
4,14,6,48,6,4323,512,3,69499,2022
4,14,6,48,6,4323,512,3,70999,2022
4,14,6,48,6,4323,512,2,70999,2022
4,14,6,48,6,4323,1024,3,57442,2022
4,14,6,48,6,4323,1024,1,61691,2022
4,14,6,48,6,4323,1024,2,55649,2022
4,14,6,48,6,4323,1024,2,62999,2022
4,14,6,48,6,4323,1024,3,62999,2022
4,14,6,48,6,4323,1024,2,64860,2022
4,14,6,48,6,4323,1024,2,66199,2022
4,14,6,48,6,4323,1024,3,68275,2022
4,14,6,48,6,4323,1024,2,69099,2022
4,14,6,48,6,4323,1024,3,71909,2022
4,14,6,48,6,4323,128,2,50684,2022
4,14,6,48,6,4323,128,2,52999,2022
4,14,6,48,6,4323,128,2,49913,2022
4,14,6,48,6,4323,128,3,51229,2022
4,14,6,48,6,4323,128,2,52599,2022
4,14,6,48,6,4323,128,3,52999,2022
4,14,6,48,6,4323,128,3,53203,2022
4,14,6,48,6,4323,128,3,54490,2022
4,14,6,48,6,4323,128,3,54599,2022
4,14,6,48,6,4323,128,1,54707,2022
4,14,6,48,6,4323,128,2,54707,2022
4,14,6,48,6,4323,128,3,55299,2022
4,14,6,48,6,4323,128,3,55885,2022
4,14,6,48,6,4323,128,2,55929,2022
4,14,6,48,6,4323,128,3,55999,2022
4,14,6,48,6,4323,128,3,56599,2022
4,14,6,48,6,4323,128,3,57335,2022
4,14,6,48,6,4323,128,3,57714,2022
4,14,6,48,6,4323,128,3,58158,2022
4,14,6,48,6,4323,128,2,59109,2022
4,14,6,48,6,4323,128,3,59453,2022
4,14,6,48,6,4323,128,3,59683,2022
4,14,6,48,6,4323,128,3,60090,2022
4,14,6,48,6,4323,128,3,62499,2022
4,14,6,48,6,4323,128,3,63049,2022
4,14,6,48,6,4323,128,3,83199,2022
3,14,6,48,6,3200,512,2,54999,2022
3,14,6,48,6,3200,512,3,55741,2022
3,14,6,48,6,3200,512,2,54799,2022
3,14,6,48,6,3200,512,3,56499,2022
3,14,6,48,6,3200,512,3,56643,2022
3,14,6,48,6,3200,512,3,56781,2022
3,14,6,48,6,3200,512,1,56999,2022
3,14,6,48,6,3200,512,3,58015,2022
3,14,6,48,6,3200,512,3,58499,2022
3,14,6,48,6,3200,512,3,59669,2022
3,14,6,48,6,3200,512,2,59999,2022
3,14,6,48,6,3200,512,2,60999,2022
3,14,6,48,6,3200,512,3,60999,2022
3,14,6,48,6,3200,512,1,61851,2022
3,14,6,48,6,3200,512,2,62999,2022
3,14,6,48,6,3200,512,3,62999,2022
3,14,6,48,6,3200,512,2,64858,2022
3,14,6,48,6,3200,512,3,65099,2022
3,14,6,48,6,3200,512,3,65499,2022
3,14,6,48,6,3200,512,3,65799,2022
4,16,8,48,6,4685,256,2,90116,2024
4,16,8,48,6,4685,256,3,91085,2024
4,16,8,48,6,4685,256,2,89999,2024
4,16,8,48,6,4685,256,3,93999,2024
4,16,8,48,6,4685,256,3,94995,2024
4,16,8,48,6,4685,256,2,94995,2024
4,16,8,48,6,4685,256,3,95738,2024
4,16,8,48,6,4685,256,3,96716,2024
4,16,8,48,6,4685,256,3,96898,2024
4,16,8,48,6,4685,256,3,96899,2024
4,16,8,48,6,4685,256,1,96899,2024
4,16,8,48,6,4685,256,3,98163,2024
4,16,8,48,6,4685,256,3,106999,2024
3,14,6,48,6,3200,256,2,50330,2022
3,14,6,48,6,3200,256,2,51999,2022
3,14,6,48,6,3200,256,1,49913,2022
3,14,6,48,6,3200,256,2,50349,2022
3,14,6,48,6,3200,256,3,51887,2022
3,14,6,48,6,3200,256,3,52049,2022
3,14,6,48,6,3200,256,2,52049,2022
3,14,6,48,6,3200,256,3,53099,2022
3,14,6,48,6,3200,256,3,53188,2022
3,14,6,48,6,3200,256,2,53188,2022
3,14,6,48,6,3200,256,3,53550,2022
3,14,6,48,6,3200,256,3,53579,2022
3,14,6,48,6,3200,256,3,53898,2022
3,14,6,48,6,3200,256,3,54173,2022
3,14,6,48,6,3200,256,3,54537,2022
3,14,6,48,6,3200,256,3,54998,2022
3,14,6,48,6,3200,256,3,55118,2022
3,14,6,48,6,3200,256,1,55129,2022
3,14,6,48,6,3200,256,3,55199,2022
3,14,6,48,6,3200,256,3,55502,2022
3,14,6,48,6,3200,256,3,57999,2022
3,14,6,48,6,3200,256,3,58199,2022
3,14,6,48,6,3200,256,3,62399,2022
3,14,6,48,6,3200,256,3,63699,2022
3,14,6,48,6,3200,256,3,74199,2022
3,14,6,48,6,3200,1024,3,59999,2022
3,14,6,48,6,3200,1024,1,62849,2022
3,14,6,48,6,3200,1024,2,59219,2022
3,14,6,48,6,3200,1024,3,60099,2022
3,14,6,48,6,3200,1024,2,64099,2022
3,14,6,48,6,3200,1024,3,64099,2022
3,14,6,48,6,3200,1024,3,64376,2022
3,14,6,48,6,3200,1024,2,66912,2022
3,14,6,48,6,3200,1024,3,68000,2022
3,14,6,48,6,3200,1024,3,68399,2022
3,14,6,48,6,3200,1024,3,69699,2022
3,14,6,48,6,3200,1024,2,69999,2022
3,14,6,48,6,3200,128,3,49834,2022
3,14,6,48,6,3200,128,2,49913,2022
3,14,6,48,6,3200,128,2,49236,2022
3,14,6,48,6,3200,128,2,49599,2022
3,14,6,48,6,3200,128,1,49913,2022
3,14,6,48,6,3200,128,3,49999,2022
3,14,6,48,6,3200,128,2,49999,2022
3,14,6,48,6,3200,128,3,50759,2022
3,14,6,48,6,3200,128,3,50949,2022
3,14,6,48,6,3200,128,3,51495,2022
3,14,6,48,6,3200,128,3,51567,2022
3,14,6,48,6,3200,128,2,51699,2022
3,14,6,48,6,3200,128,3,51989,2022
3,14,6,48,6,3200,128,3,52310,2022
3,14,6,48,6,3200,128,3,52379,2022
3,14,6,48,6,3200,128,3,52499,2022
3,14,6,48,6,3200,128,3,52554,2022
3,14,6,48,6,3200,128,3,52757,2022
3,14,6,48,6,3200,128,3,52797,2022
3,14,6,48,6,3200,128,3,52961,2022
3,14,6,48,6,3200,128,3,53349,2022
3,14,6,48,6,3200,128,3,53559,2022
3,14,6,48,6,3200,128,3,53872,2022
3,14,6,48,6,3200,128,3,54149,2022
3,14,6,48,6,3200,128,3,59169,2022
3,14,6,48,6,3200,128,3,59399,2022
3,14,6,48,6,3200,128,2,72199,2022
2,14,6,12,6,4323,128,3,35390,2022
2,14,6,12,6,4323,128,3,35897,2022
2,14,6,12,6,4323,128,2,34899,2022
2,14,6,12,6,4323,128,3,36288,2022
2,14,6,12,6,4323,128,3,36677,2022
2,14,6,12,6,4323,128,1,36762,2022
2,14,6,12,6,4323,128,3,37072,2022
2,14,6,12,6,4323,128,3,37129,2022
2,14,6,12,6,4323,128,1,37129,2022
2,14,6,12,6,4323,128,3,37674,2022
2,14,6,12,6,4323,128,1,37829,2022
2,14,6,12,6,4323,128,3,37896,2022
2,14,6,12,6,4323,128,3,37899,2022
2,14,6,12,6,4323,128,3,38661,2022
2,14,6,12,6,4323,128,3,38749,2022
2,14,6,12,6,4323,128,3,39499,2022
2,14,6,12,6,4323,128,3,44619,2022
2,14,6,12,6,4323,128,3,56999,2022
0,14,6,12,6,3279,128,3,33735,2022
0,14,6,12,6,3279,128,3,34694,2022
0,14,6,12,6,3279,128,2,32998,2022
0,14,6,12,6,3279,128,3,33399,2022
0,14,6,12,6,3279,128,3,33609,2022
0,14,6,12,6,3279,128,3,34648,2022
0,14,6,12,6,3279,128,3,34649,2022
0,14,6,12,6,3279,128,3,34779,2022
0,14,6,12,6,3279,128,3,35009,2022
0,14,6,12,6,3279,128,3,35155,2022
0,14,6,12,6,3279,128,1,35299,2022
0,14,6,12,6,3279,128,3,35394,2022
0,14,6,12,6,3279,128,3,35671,2022
0,14,6,12,6,3279,128,3,35690,2022
0,14,6,12,6,3279,128,3,35889,2022
0,14,6,12,6,3279,128,3,35999,2022
0,14,6,12,6,3279,128,3,36422,2022
0,14,6,12,6,3279,128,3,36677,2022
0,14,6,12,6,3279,128,3,37099,2022
0,14,6,12,6,3279,128,3,37599,2022
0,14,6,12,6,3279,128,3,37833,2022
0,14,6,12,6,3279,128,3,39399,2022
0,14,6,12,6,3279,128,3,46199,2022
4,13,6,12,6,4352,1024,1,53999,2021
4,13,6,12,6,4352,1024,3,55905,2021
4,13,6,12,6,4352,1024,2,51999,2021
4,13,6,12,6,4352,1024,2,52999,2021
4,13,6,12,6,4352,1024,3,54240,2021
4,13,6,12,6,4352,1024,1,54683,2021
4,13,6,12,6,4352,1024,3,59236,2021
4,13,6,12,6,4352,1024,3,59399,2021
4,13,6,12,6,4352,1024,3,60699,2021
4,13,6,12,6,4352,1024,3,61109,2021
4,13,6,12,6,4352,1024,3,62399,2021
4,13,6,12,6,4352,1024,3,62699,2021
4,13,6,12,6,4352,256,1,44085,2021
4,13,6,12,6,4352,256,2,45941,2021
4,13,6,12,6,4352,256,2,40999,2021
4,13,6,12,6,4352,256,2,42999,2021
4,13,6,12,6,4352,256,3,46399,2021
4,13,6,12,6,4352,256,3,46899,2021
4,13,6,12,6,4352,256,2,46899,2021
4,13,6,12,6,4352,256,3,46999,2021
4,13,6,12,6,4352,256,3,47589,2021
4,13,6,12,6,4352,256,2,47939,2021
4,13,6,12,6,4352,256,3,48799,2021
4,13,6,12,6,4352,256,3,48879,2021
4,13,6,12,6,4352,256,1,48999,2021
4,13,6,12,6,4352,256,3,49292,2021
4,13,6,12,6,4352,256,3,49999,2021
4,13,6,12,6,4352,256,3,50439,2021
4,13,6,12,6,4352,256,3,51199,2021
4,13,6,12,6,4352,256,3,51999,2021
4,13,6,12,6,4352,256,3,52437,2021
4,13,6,12,6,4352,256,3,52599,2021
4,13,6,12,6,4352,256,3,53367,2021
4,13,6,12,6,4352,256,3,55289,2021
4,13,6,12,6,4352,256,3,65699,2021
4,13,6,12,6,4352,128,2,42033,2021
4,13,6,12,6,4352,128,2,42581,2021
4,13,6,12,6,4352,128,2,37998,2021
4,13,6,12,6,4352,128,3,42399,2021
4,13,6,12,6,4352,128,3,43333,2021
4,13,6,12,6,4352,128,3,44716,2021
4,13,6,12,6,4352,128,3,45089,2021
4,13,6,12,6,4352,128,3,45119,2021
4,13,6,12,6,4352,128,2,45119,2021
4,13,6,12,6,4352,128,3,45401,2021
4,13,6,12,6,4352,128,3,45849,2021
4,13,6,12,6,4352,128,3,45899,2021
4,13,6,12,6,4352,128,3,46099,2021
4,13,6,12,6,4352,128,1,46367,2021
4,13,6,12,6,4352,128,3,46559,2021
4,13,6,12,6,4352,128,3,47939,2021
4,13,6,12,6,4352,128,3,47999,2021
4,13,6,12,6,4352,128,3,49469,2021
4,13,6,12,6,4352,128,3,50914,2021
4,13,6,12,6,4352,128,3,52951,2021
4,13,6,12,6,4352,128,3,53349,2021
4,13,6,12,6,4352,128,3,53399,2021
4,13,6,12,6,4352,128,2,64699,2021
3,13,6,12,6,3095,1024,3,45485,2021
3,13,6,12,6,3095,1024,3,46090,2021
3,13,6,12,6,3095,1024,2,44517,2021
3,13,6,12,6,3095,1024,3,45777,2021
3,13,6,12,6,3095,1024,2,45999,2021
3,13,6,12,6,3095,1024,3,46599,2021
3,13,6,12,6,3095,1024,3,47469,2021
3,13,6,12,6,3095,1024,1,48299,2021
3,13,6,12,6,3095,1024,3,48699,2021
3,13,6,12,6,3095,1024,3,48879,2021
3,13,6,12,6,3095,1024,2,51999,2021
3,13,6,12,6,3095,1024,3,55699,2021
3,13,6,12,6,3095,512,2,42872,2021
3,13,6,12,6,3095,512,3,44199,2021
3,13,6,12,6,3095,512,1,41547,2021
3,13,6,12,6,3095,512,3,44837,2021
3,13,6,12,6,3095,512,1,46099,2021
3,13,6,12,6,3095,512,1,46199,2021
3,13,6,12,6,3095,512,3,46999,2021
3,13,6,12,6,3095,512,3,47599,2021
3,13,6,12,6,3095,512,3,49999,2021
3,13,6,12,6,3095,512,3,51599,2021
3,13,6,12,6,3095,512,2,51899,2021
3,13,6,12,6,3095,512,3,51899,2021
3,13,6,12,6,3095,512,3,53199,2021
3,13,6,12,6,3095,512,2,53199,2021
3,13,6,12,6,3095,512,3,54199,2021
3,16,8,48,6,3582,256,3,87999,2024
3,16,8,48,6,3582,256,2,83699,2024
3,16,8,48,6,3582,256,3,99999,2024
3,13,6,12,6,3095,256,1,40607,2021
3,13,6,12,6,3095,256,2,41030,2021
3,13,6,12,6,3095,256,2,40499,2021
3,13,6,12,6,3095,256,2,42399,2021
3,13,6,12,6,3095,256,2,43022,2021
3,13,6,12,6,3095,256,3,43199,2021
3,13,6,12,6,3095,256,3,43333,2021
3,13,6,12,6,3095,256,3,43590,2021
3,13,6,12,6,3095,256,3,43649,2021
3,13,6,12,6,3095,256,1,43683,2021
3,13,6,12,6,3095,256,1,44199,2021
3,13,6,12,6,3095,256,3,44699,2021
3,13,6,12,6,3095,256,3,44749,2021
3,13,6,12,6,3095,256,3,44799,2021
3,13,6,12,6,3095,256,3,45119,2021
3,13,6,12,6,3095,256,2,45119,2021
3,13,6,12,6,3095,256,3,45769,2021
3,13,6,12,6,3095,256,2,46099,2021
3,13,6,12,6,3095,256,3,46559,2021
3,13,6,12,6,3095,256,3,47562,2021
3,13,6,12,6,3095,256,3,47599,2021
3,13,6,12,6,3095,256,3,49262,2021
3,13,6,12,6,3095,256,3,49999,2021
3,13,6,12,6,3095,256,3,50199,2021
3,13,6,12,6,3095,256,3,50399,2021
3,13,6,12,6,3095,256,3,50759,2021
3,13,6,12,6,3095,256,2,63399,2021
3,13,6,12,6,3095,128,3,38721,2021
3,13,6,12,6,3095,128,1,40325,2021
3,13,6,12,6,3095,128,2,36999,2021
3,13,6,12,6,3095,128,3,40325,2021
3,13,6,12,6,3095,128,3,40607,2021
3,13,6,12,6,3095,128,2,40983,2021
3,13,6,12,6,3095,128,2,41199,2021
3,13,6,12,6,3095,128,3,41199,2021
3,13,6,12,6,3095,128,3,41359,2021
3,13,6,12,6,3095,128,3,41485,2021
3,13,6,12,6,3095,128,3,41799,2021
3,13,6,12,6,3095,128,1,42499,2021
3,13,6,12,6,3095,128,1,42599,2021
3,13,6,12,6,3095,128,3,43099,2021
3,13,6,12,6,3095,128,3,43649,2021
3,13,6,12,6,3095,128,3,43669,2021
3,13,6,12,6,3095,128,3,47529,2021
3,13,6,12,6,3095,128,3,48399,2021
3,13,6,12,6,3095,128,3,49699,2021
3,13,6,12,6,3095,128,3,49999,2021
3,13,6,12,6,3095,128,2,61199,2021
1,13,4,12,5,2438,256,1,26695,2021
1,13,4,12,5,2438,256,3,29364,2021
1,13,4,12,5,2438,256,2,24999,2021
1,13,4,12,5,2438,256,2,27888,2021
1,13,4,12,5,2438,256,2,28399,2021
1,13,4,12,5,2438,256,1,29749,2021
1,13,4,12,5,2438,256,3,29899,2021
1,13,4,12,5,2438,256,3,31299,2021
1,13,4,12,5,2438,128,2,23499,2021
1,13,4,12,5,2438,128,1,23687,2021
1,13,4,12,5,2438,128,2,23486,2021
1,13,4,12,5,2438,128,3,23662,2021
1,13,4,12,5,2438,128,3,24599,2021
1,13,4,12,5,2438,128,2,25098,2021
1,13,4,12,5,2438,128,2,25099,2021
1,13,4,12,5,2438,128,3,25099,2021
1,13,4,12,5,2438,128,3,25569,2021
1,13,4,12,5,2438,128,3,25783,2021
1,13,4,12,5,2438,128,3,26599,2021
1,13,4,12,5,2438,128,3,26999,2021
1,13,4,12,5,2438,128,3,27499,2021
1,13,4,12,5,2438,128,3,27699,2021
1,13,4,12,5,2438,128,1,28199,2021
1,13,4,12,5,2438,128,2,29139,2021
1,13,4,12,5,2438,128,3,29139,2021
1,13,4,12,5,2438,128,3,29262,2021
1,13,4,12,5,2438,128,3,29599,2021
1,13,4,12,5,2438,128,3,29899,2021
1,13,4,12,5,2438,128,3,30199,2021
1,13,4,12,5,2438,128,3,30420,2021
1,13,4,12,5,2438,128,3,30499,2021
0,13,4,12,6,3240,512,2,31489,2021
0,13,4,12,6,3240,512,3,32429,2021
0,13,4,12,6,3240,512,2,30038,2021
0,13,4,12,6,3240,512,3,33059,2021
0,13,4,12,6,3240,512,1,33933,2021
0,13,4,12,6,3240,512,3,33999,2021
0,13,4,12,6,3240,512,3,34591,2021
0,13,4,12,6,3240,512,3,34899,2021
0,13,4,12,6,3240,512,3,36099,2021
0,13,4,12,6,3240,512,2,36799,2021
0,13,4,12,6,3240,512,3,36799,2021
0,13,4,12,6,3240,256,3,28875,2021
0,13,4,12,6,3240,256,1,29099,2021
0,13,4,12,6,3240,256,2,28264,2021
0,13,4,12,6,3240,256,2,28875,2021
0,13,4,12,6,3240,256,2,28879,2021
0,13,4,12,6,3240,256,3,29139,2021
0,13,4,12,6,3240,256,3,29535,2021
0,13,4,12,6,3240,256,2,29535,2021
0,13,4,12,6,3240,256,3,29599,2021
0,13,4,12,6,3240,256,3,29740,2021
0,13,4,12,6,3240,256,3,29990,2021
0,13,4,12,6,3240,256,1,30141,2021
0,13,4,12,6,3240,256,3,30361,2021
0,13,4,12,6,3240,256,3,30449,2021
0,13,4,12,6,3240,256,3,30544,2021
0,13,4,12,6,3240,256,3,32387,2021
0,13,4,12,6,3240,256,3,34946,2021
0,13,4,12,6,3240,256,3,36735,2021
0,13,4,12,6,3240,256,3,37399,2021
0,13,4,12,6,3240,128,3,24617,2021
0,13,4,12,6,3240,128,2,24890,2021
0,13,4,12,6,3240,128,2,24599,2021
0,13,4,12,6,3240,128,3,25379,2021
0,13,4,12,6,3240,128,2,25473,2021
0,13,4,12,6,3240,128,3,25473,2021
0,13,4,12,6,3240,128,2,25490,2021
0,13,4,12,6,3240,128,3,25490,2021
0,13,4,12,6,3240,128,1,25519,2021
0,13,4,12,6,3240,128,1,25849,2021
0,13,4,12,6,3240,128,3,25849,2021
0,13,4,12,6,3240,128,3,25989,2021
0,13,4,12,6,3240,128,3,26037,2021
0,13,4,12,6,3240,128,3,26189,2021
0,13,4,12,6,3240,128,3,26538,2021
0,13,4,12,6,3240,128,3,26577,2021
0,13,4,12,6,3240,128,3,27099,2021
3,16,8,48,6,3582,128,3,84815,2024
0,16,8,48,6,3561,128,2,63239,2024
0,16,8,48,6,3561,128,3,65999,2024
0,16,8,48,6,3561,128,1,59900,2024
4,15,8,48,6,4441,256,3,69749,2023
4,15,8,48,6,4441,256,3,73319,2023
4,15,8,48,6,4441,256,3,77114,2023
4,15,8,48,6,4441,512,3,72943,2023
4,15,8,48,6,4441,512,3,76139,2023
4,15,8,48,6,4441,512,3,78019,2023
4,15,8,48,6,4441,512,3,79695,2023
4,15,8,48,6,4441,512,3,79899,2023
4,15,8,48,6,4441,1024,3,78413,2023
4,15,8,48,6,4441,1024,3,74999,2023
4,15,8,48,6,4441,1024,3,82999,2023
4,16,8,48,6,4685,1024,3,105561,2024
2,16,8,48,6,4674,128,3,62990,2024
2,16,8,48,6,4674,256,3,63440,2024
4,15,8,48,6,4441,256,3,66261,2023
3,15,8,48,6,3274,512,3,66123,2023
3,15,8,48,6,3274,512,3,65999,2023
3,15,8,48,6,3274,256,3,63999,2023
3,15,8,48,6,3274,256,3,62199,2023
3,15,8,48,6,3274,256,3,73099,2023
3,15,8,48,6,3274,256,3,76241,2023
3,15,8,48,6,3274,1024,3,67999,2023
3,15,8,48,6,3274,128,3,58599,2023
3,15,8,48,6,3274,128,3,60099,2023
3,15,8,48,6,3274,128,3,65298,2023
2,15,6,48,6,4383,512,3,63529,2023
2,15,6,48,6,4383,256,3,47899,2023
0,15,6,48,6,3349,512,3,48949,2023
0,15,6,48,6,3349,256,3,41040,2023
0,15,6,48,6,3349,256,3,48999,2023
0,15,6,48,6,3349,128,3,39108,2023
4,14,6,48,6,4323,512,3,57442,2022
4,14,6,48,6,4323,512,3,59999,2022
4,14,6,48,6,4323,512,3,63167,2022
4,14,6,48,6,4323,1024,3,55649,2022
4,14,6,48,6,4323,1024,3,64860,2022
4,14,6,48,6,4323,1024,3,66199,2022
4,14,6,48,6,4323,1024,3,69099,2022
4,14,6,48,6,4323,128,3,50684,2022
4,14,6,48,6,4323,128,3,49913,2022
4,14,6,48,6,4323,128,3,52599,2022
4,14,6,48,6,4323,128,3,54707,2022
4,14,6,48,6,4323,128,3,55929,2022
4,14,6,48,6,4323,128,3,59109,2022
3,14,6,48,6,3200,512,3,54999,2022
3,14,6,48,6,3200,512,3,54799,2022
3,14,6,48,6,3200,512,3,59999,2022
3,14,6,48,6,3200,512,3,64858,2022
4,16,8,48,6,4685,256,3,90116,2024
4,16,8,48,6,4685,256,3,89999,2024
3,14,6,48,6,3200,256,3,50330,2022
3,14,6,48,6,3200,256,3,51999,2022
3,14,6,48,6,3200,256,3,50349,2022
3,14,6,48,6,3200,1024,3,59219,2022
3,14,6,48,6,3200,1024,3,66912,2022
3,14,6,48,6,3200,1024,3,69999,2022
3,14,6,48,6,3200,128,3,49913,2022
3,14,6,48,6,3200,128,3,49236,2022
3,14,6,48,6,3200,128,3,49599,2022
3,14,6,48,6,3200,128,3,51699,2022
3,14,6,48,6,3200,128,3,72199,2022
2,14,6,12,6,4323,128,3,34899,2022
0,14,6,12,6,3279,128,3,32998,2022
4,13,6,12,6,4352,1024,3,51999,2021
4,13,6,12,6,4352,1024,3,52999,2021
4,13,6,12,6,4352,256,3,45941,2021
4,13,6,12,6,4352,256,3,40999,2021
4,13,6,12,6,4352,256,3,42999,2021
4,13,6,12,6,4352,256,3,47939,2021
4,13,6,12,6,4352,128,3,42033,2021
4,13,6,12,6,4352,128,3,42581,2021
4,13,6,12,6,4352,128,3,37998,2021
4,13,6,12,6,4352,128,3,64699,2021
3,13,6,12,6,3095,1024,3,44517,2021
3,13,6,12,6,3095,1024,3,45999,2021
3,13,6,12,6,3095,1024,3,51999,2021
3,13,6,12,6,3095,512,3,42872,2021
3,16,8,48,6,3582,256,3,83699,2024
3,13,6,12,6,3095,256,3,41030,2021
3,13,6,12,6,3095,256,3,40499,2021
3,13,6,12,6,3095,256,3,42399,2021
3,13,6,12,6,3095,256,3,43022,2021
3,13,6,12,6,3095,256,3,46099,2021
3,13,6,12,6,3095,256,3,63399,2021
3,13,6,12,6,3095,128,3,36999,2021
3,13,6,12,6,3095,128,3,40983,2021
3,13,6,12,6,3095,128,3,61199,2021
1,13,4,12,5,2438,256,3,24999,2021
1,13,4,12,5,2438,256,3,27888,2021
1,13,4,12,5,2438,256,3,28399,2021
1,13,4,12,5,2438,128,3,23499,2021
1,13,4,12,5,2438,128,3,23486,2021
1,13,4,12,5,2438,128,3,25098,2021
0,13,4,12,6,3240,512,3,31489,2021
0,13,4,12,6,3240,512,3,30038,2021
0,13,4,12,6,3240,256,3,28264,2021
0,13,4,12,6,3240,256,3,28879,2021
0,13,4,12,6,3240,128,3,24890,2021
0,13,4,12,6,3240,128,3,24599,2021
1,12,4,12,5,2227,256,2,20296,2020
1,12,4,12,5,2227,256,2,20679,2020
1,12,4,12,5,2227,256,1,18499,2020
1,12,4,12,5,2227,256,3,22559,2020
1,12,4,12,5,2227,256,3,22799,2020
1,12,4,12,5,2227,256,3,22899,2020
1,12,4,12,5,2227,128,3,17999,2020
1,12,4,12,5,2227,128,3,18338,2020
1,12,4,12,5,2227,128,2,17948,2020
1,12,4,12,5,2227,128,3,18099,2020
1,12,4,12,5,2227,128,2,18601,2020
1,12,4,12,5,2227,128,3,19039,2020
1,12,4,12,5,2227,128,3,19269,2020
1,12,4,12,5,2227,128,3,19325,2020
1,12,4,12,5,2227,128,2,19325,2020
1,12,4,12,5,2227,128,3,19499,2020
1,12,4,12,5,2227,128,3,20209,2020
1,12,4,12,5,2227,128,3,20321,2020
1,12,4,12,5,2227,128,3,20899,2020
1,12,4,12,5,2227,128,3,21619,2020
1,12,4,12,5,2227,64,1,15713,2020
1,12,4,12,5,2227,64,2,15955,2020
1,12,4,12,5,2227,64,2,14945,2020
1,12,4,12,5,2227,64,1,15509,2020
1,12,4,12,5,2227,64,3,15979,2020
1,12,4,12,5,2227,64,1,16199,2020
1,12,4,12,5,2227,64,3,16392,2020
1,12,4,12,5,2227,64,3,16449,2020
1,12,4,12,5,2227,64,3,16586,2020
1,12,4,12,5,2227,64,3,16843,2020
1,12,4,12,5,2227,64,3,16899,2020
1,12,4,12,5,2227,64,3,16974,2020
1,12,4,12,5,2227,64,3,17107,2020
1,12,4,12,5,2227,64,3,17499,2020
1,12,4,12,5,2227,64,3,17565,2020
1,12,4,12,5,2227,64,3,18699,2020
1,12,4,12,5,2227,64,3,19999,2020
4,12,6,12,6,3687,512,1,34999,2020
4,12,6,12,6,3687,512,2,35559,2020
4,12,6,12,6,3687,512,3,33839,2020
4,12,6,12,6,3687,512,3,36659,2020
4,12,6,12,6,3687,512,2,36677,2020
4,12,6,12,6,3687,512,2,38698,2020
4,12,6,12,6,3687,512,3,38999,2020
4,12,6,12,6,3687,512,3,41999,2020
4,12,6,12,6,3687,256,3,31724,2020
4,12,6,12,6,3687,256,3,32949,2020
4,12,6,12,6,3687,256,2,31049,2020
4,12,6,12,6,3687,256,2,31499,2020
4,12,6,12,6,3687,256,3,32699,2020
4,12,6,12,6,3687,256,2,32711,2020
4,12,6,12,6,3687,256,3,32711,2020
4,12,6,12,6,3687,256,3,33290,2020
4,12,6,12,6,3687,256,1,33369,2020
4,12,6,12,6,3687,256,2,34309,2020
4,12,6,12,6,3687,256,3,34779,2020
4,12,6,12,6,3687,256,3,34807,2020
4,12,6,12,6,3687,256,1,35531,2020
4,12,6,12,6,3687,256,3,35625,2020
4,12,6,12,6,3687,256,3,36640,2020
4,12,6,12,6,3687,256,3,37051,2020
4,12,6,12,6,3687,256,3,39499,2020
4,12,6,12,6,3687,256,3,39999,2020
4,12,6,12,6,3687,256,3,40739,2020
4,12,6,12,6,3687,128,2,29740,2020
4,12,6,12,6,3687,128,1,30561,2020
4,12,6,12,6,3687,128,2,28866,2020
4,12,6,12,6,3687,128,2,29199,2020
4,12,6,12,6,3687,128,3,29740,2020
4,12,6,12,6,3687,128,3,30544,2020
4,12,6,12,6,3687,128,3,30589,2020
4,12,6,12,6,3687,128,3,30889,2020
4,12,6,12,6,3687,128,3,31399,2020
4,12,6,12,6,3687,128,3,31489,2020
4,12,6,12,6,3687,128,1,32147,2020
4,12,6,12,6,3687,128,3,32147,2020
4,12,6,12,6,3687,128,3,32429,2020
4,12,6,12,6,3687,128,3,32537,2020
4,12,6,12,6,3687,128,2,32537,2020
4,12,6,12,6,3687,128,3,33949,2020
4,12,6,12,6,3687,128,3,35577,2020
4,12,6,12,6,3687,128,3,35683,2020
4,12,6,12,6,3687,128,3,36999,2020
4,12,6,12,6,3687,128,3,40999,2020
3,12,6,12,6,2815,512,1,29985,2020
3,12,6,12,6,2815,512,3,31669,2020
3,12,6,12,6,2815,512,2,29843,2020
3,12,6,12,6,2815,512,3,30492,2020
3,12,6,12,6,2815,512,3,31207,2020
3,12,6,12,6,2815,512,3,32523,2020
3,12,6,12,6,2815,512,3,35408,2020
3,12,6,12,6,2815,512,3,36099,2020
3,12,6,12,6,2815,512,2,36399,2020
3,12,6,12,6,2815,512,3,36399,2020
3,12,6,12,6,2815,512,3,42749,2020
3,12,6,12,6,2815,256,3,28132,2020
3,12,6,12,6,2815,256,3,28269,2020
3,12,6,12,6,2815,256,1,26225,2020
3,12,6,12,6,2815,256,2,27071,2020
3,12,6,12,6,2815,256,3,27823,2020
3,12,6,12,6,2815,256,2,27954,2020
3,12,6,12,6,2815,256,3,28744,2020
3,12,6,12,6,2815,256,3,28817,2020
3,12,6,12,6,2815,256,3,28999,2020
3,12,6,12,6,2815,256,3,29709,2020
3,12,6,12,6,2815,256,3,30643,2020
3,12,6,12,6,2815,256,2,30699,2020
3,12,6,12,6,2815,256,2,30899,2020
3,12,6,12,6,2815,256,2,30999,2020
3,12,6,12,6,2815,256,3,31695,2020
3,12,6,12,6,2815,256,3,32199,2020
3,12,6,12,6,2815,256,3,32630,2020
3,12,6,12,6,2815,256,3,32682,2020
3,12,6,12,6,2815,256,3,33367,2020
3,12,6,12,6,2815,256,3,33399,2020
3,12,6,12,6,2815,256,3,34699,2020
3,12,6,12,6,2815,256,3,36859,2020
3,12,6,12,6,2815,256,3,37999,2020
3,12,6,12,6,2815,128,2,25619,2020
3,12,6,12,6,2815,128,3,27199,2020
3,12,6,12,6,2815,128,2,25379,2020
3,12,6,12,6,2815,128,1,25379,2020
3,12,6,12,6,2815,128,2,25599,2020
3,12,6,12,6,2815,128,3,25943,2020
3,12,6,12,6,2815,128,3,25949,2020
3,12,6,12,6,2815,128,3,26218,2020
3,12,6,12,6,2815,128,3,26249,2020
3,12,6,12,6,2815,128,3,27165,2020
3,12,6,12,6,2815,128,2,27259,2020
3,12,6,12,6,2815,128,3,27259,2020
3,12,6,12,6,2815,128,1,27399,2020
3,12,6,12,6,2815,128,3,27644,2020
3,12,6,12,6,2815,128,3,27729,2020
3,12,6,12,6,2815,128,3,27993,2020
3,12,6,12,6,2815,128,3,28099,2020
3,12,6,12,6,2815,128,3,28614,2020
3,12,6,12,6,2815,128,3,31899,2020
3,12,6,12,6,2815,128,3,32699,2020
3,12,6,12,6,2815,128,3,35999,2020
0,12,4,12,6,2815,256,2,22502,2020
0,12,4,12,6,2815,256,1,22549,2020
0,12,4,12,6,2815,256,1,20679,2020
0,12,4,12,6,2815,256,3,21619,2020
0,12,4,12,6,2815,256,2,22099,2020
0,12,4,12,6,2815,256,2,22499,2020
0,12,4,12,6,2815,256,3,22991,2020
0,12,4,12,6,2815,256,3,23327,2020
0,12,4,12,6,2815,256,3,23499,2020
0,12,4,12,6,2815,256,3,23958,2020
0,12,4,12,6,2815,256,3,23987,2020
0,12,4,12,6,2815,256,3,24349,2020
0,12,4,12,6,2815,256,3,24974,2020
0,12,4,12,6,2815,256,3,25636,2020
0,12,4,12,6,2815,256,3,27599,2020
0,12,4,12,6,2815,256,3,27899,2020
0,12,4,12,6,2815,256,3,27999,2020
0,12,4,12,6,2815,256,3,28199,2020
0,12,4,12,6,2815,128,3,20086,2020
0,12,4,12,6,2815,128,3,20549,2020
0,12,4,12,6,2815,128,2,18552,2020
0,12,4,12,6,2815,128,3,18580,2020
0,12,4,12,6,2815,128,3,19099,2020
0,12,4,12,6,2815,128,3,19899,2020
0,12,4,12,6,2815,128,3,20321,2020
0,12,4,12,6,2815,128,2,20321,2020
0,12,4,12,6,2815,128,3,20369,2020
0,12,4,12,6,2815,128,3,20491,2020
0,12,4,12,6,2815,128,3,20585,2020
0,12,4,12,6,2815,128,1,20599,2020
0,12,4,12,6,2815,128,3,20679,2020
0,12,4,12,6,2815,128,3,20727,2020
0,12,4,12,6,2815,128,3,20863,2020
0,12,4,12,6,2815,128,3,20999,2020
0,12,4,12,6,2815,128,3,21174,2020
0,12,4,12,6,2815,128,3,21387,2020
0,12,4,12,6,2815,128,3,22531,2020
0,12,4,12,6,2815,128,3,24249,2020
0,12,4,12,6,2815,128,2,24799,2020
0,12,4,12,6,2815,64,3,17140,2020
0,12,4,12,6,2815,64,3,17671,2020
0,12,4,12,6,2815,64,2,16799,2020
0,12,4,12,6,2815,64,2,17109,2020
0,12,4,12,6,2815,64,3,17109,2020
0,12,4,12,6,2815,64,3,17299,2020
0,12,4,12,6,2815,64,3,17639,2020
0,12,4,12,6,2815,64,3,17709,2020
0,12,4,12,6,2815,64,3,17749,2020
0,12,4,12,6,2815,64,2,17847,2020
0,12,4,12,6,2815,64,3,17858,2020
0,12,4,12,6,2815,64,3,18021,2020
0,12,4,12,6,2815,64,3,18047,2020
0,12,4,12,6,2815,64,3,18141,2020
0,12,4,12,6,2815,64,3,18235,2020
0,12,4,12,6,2815,64,3,18329,2020
0,12,4,12,6,2815,64,3,18428,2020
0,12,4,12,6,2815,64,3,18623,2020
0,12,4,12,6,2815,64,3,18720,2020
0,12,4,12,6,2815,64,3,18943,2020
0,16,8,48,6,3561,128,3,63239,2024
4,11,4,12,6,3969,256,3,21431,2019
4,11,4,12,6,3969,256,3,21882,2019
4,11,4,12,6,3969,256,2,19199,2019
4,11,4,12,6,3969,256,2,20299,2019
4,11,4,12,6,3969,256,3,22559,2019
4,11,4,12,6,3969,256,1,22893,2019
4,11,4,12,6,3969,256,3,22999,2019
4,11,4,12,6,3969,256,3,23199,2019
4,11,4,12,6,3969,256,3,23899,2019
4,11,4,12,6,3969,256,3,24209,2019
4,11,4,12,6,3969,256,3,24861,2019
4,11,4,12,6,3969,256,2,25849,2019
4,11,4,12,6,3969,256,3,25849,2019
4,11,4,12,6,3969,256,3,26149,2019
4,11,4,12,6,3969,256,3,27159,2019
4,11,4,12,6,3969,64,1,17389,2019
4,11,4,12,6,3969,64,1,17999,2019
4,11,4,12,6,3969,64,2,17323,2019
4,11,4,12,6,3969,64,2,17389,2019
4,11,4,12,6,3969,64,3,17840,2019
4,11,4,12,6,3969,64,3,17859,2019
4,11,4,12,6,3969,64,2,18149,2019
4,11,4,12,6,3969,64,2,18235,2019
4,11,4,12,6,3969,64,3,18322,2019
4,11,4,12,6,3969,64,3,18349,2019
4,11,4,12,6,3969,64,3,18429,2019
4,11,4,12,6,3969,64,1,18499,2019
4,11,4,12,6,3969,64,2,18499,2019
4,11,4,12,6,3969,64,3,18611,2019
4,11,4,12,6,3969,64,1,18827,2019
4,11,4,12,6,3969,64,3,18889,2019
4,11,4,12,6,3969,64,3,19340,2019
4,11,4,12,6,3969,64,3,19399,2019
4,11,4,12,6,3969,64,3,19949,2019
4,11,4,12,6,3969,64,3,20369,2019
4,11,4,12,6,3969,64,2,20369,2019
4,11,4,12,6,3969,64,3,21339,2019
4,11,4,12,6,3969,64,3,21367,2019
3,11,4,12,5,3046,512,1,22747,2019
3,11,4,12,5,3046,512,1,24499,2019
3,11,4,12,5,3046,512,2,22338,2019
3,11,4,12,5,3046,512,3,22499,2019
3,11,4,12,5,3046,512,3,23029,2019
3,11,4,12,5,3046,512,3,24499,2019
3,11,4,12,5,3046,512,1,25349,2019
3,11,4,12,5,3046,512,2,29099,2019
3,11,4,12,5,3046,256,3,18987,2019
3,11,4,12,5,3046,256,3,19999,2019
3,11,4,12,5,3046,256,2,18228,2019
3,11,4,12,5,3046,256,2,19269,2019
3,11,4,12,5,3046,256,3,19363,2019
3,11,4,12,5,3046,256,3,19600,2019
3,11,4,12,5,3046,256,2,19739,2019
3,11,4,12,5,3046,256,3,20109,2019
3,11,4,12,5,3046,256,3,20359,2019
3,11,4,12,5,3046,256,2,20599,2019
3,11,4,12,5,3046,256,3,20679,2019
3,11,4,12,5,3046,256,3,20799,2019
3,11,4,12,5,3046,256,3,21619,2019
3,11,4,12,5,3046,256,3,23999,2019
3,11,4,12,5,3046,64,3,16853,2019
3,11,4,12,5,3046,64,3,17146,2019
3,11,4,12,5,3046,64,2,16494,2019
3,11,4,12,5,3046,64,1,17107,2019
3,11,4,12,5,3046,64,3,17107,2019
3,11,4,12,5,3046,64,3,17284,2019
3,11,4,12,5,3046,64,3,17313,2019
3,11,4,12,5,3046,64,3,17339,2019
3,11,4,12,5,3046,64,3,17389,2019
3,11,4,12,5,3046,64,3,17599,2019
3,11,4,12,5,3046,64,3,17699,2019
3,11,4,12,5,3046,64,3,17849,2019
3,11,4,12,5,3046,64,3,17859,2019
3,11,4,12,5,3046,64,3,18705,2019
3,11,4,12,5,3046,64,2,18799,2019
3,11,4,12,5,3046,64,3,18799,2019
3,11,4,12,5,3046,64,3,19302,2019
3,11,4,12,5,3046,64,3,19399,2019
3,11,4,12,5,3046,64,2,19899,2019
3,11,4,12,5,3046,64,3,21399,2019
3,11,4,12,5,3046,64,2,21399,2019
3,11,4,12,5,3046,64,3,21699,2019
3,11,4,12,5,3046,64,3,21999,2019
0,11,4,12,6,3110,256,1,14851,2019
0,11,4,12,6,3110,256,1,15799,2019
0,11,4,12,6,3110,256,2,14553,2019
0,11,4,12,6,3110,256,3,14869,2019
0,11,4,12,6,3110,256,3,15299,2019
0,11,4,12,6,3110,256,3,15415,2019
0,11,4,12,6,3110,256,2,15449,2019
0,11,4,12,6,3110,256,3,15749,2019
0,11,4,12,6,3110,256,3,15866,2019
0,11,4,12,6,3110,256,2,15866,2019
0,11,4,12,6,3110,256,2,16853,2019
0,11,4,12,6,3110,256,3,16853,2019
0,11,4,12,6,3110,256,2,17500,2019
0,11,4,12,6,3110,256,1,17686,2019
0,11,4,12,6,3110,256,3,19199,2019
0,11,4,12,6,3110,256,3,19699,2019
0,11,4,12,6,3110,256,3,20699,2019
0,11,4,12,6,3110,128,3,12463,2019
0,11,4,12,6,3110,128,3,13259,2019
0,11,4,12,6,3110,128,2,12089,2019
0,11,4,12,6,3110,128,2,12649,2019
0,11,4,12,6,3110,128,3,12649,2019
0,11,4,12,6,3110,128,3,12725,2019
0,11,4,12,6,3110,128,3,12783,2019
0,11,4,12,6,3110,128,3,12861,2019
0,11,4,12,6,3110,128,3,12909,2019
0,11,4,12,6,3110,128,1,13065,2019
0,11,4,12,6,3110,128,3,13121,2019
0,11,4,12,6,3110,128,1,13159,2019
0,11,4,12,6,3110,128,3,13159,2019
0,11,4,12,6,3110,128,3,13253,2019
0,11,4,12,6,3110,128,1,13440,2019
0,11,4,12,6,3110,128,3,13499,2019
0,11,4,12,6,3110,128,3,13540,2019
0,11,4,12,6,3110,128,2,13540,2019
0,11,4,12,6,3110,128,1,13577,2019
0,11,4,12,6,3110,128,3,13870,2019
0,11,4,12,6,3110,128,3,21199,2019
0,11,4,12,6,3110,64,2,10809,2019
0,11,4,12,6,3110,64,3,11449,2019
0,11,4,12,6,3110,64,2,10328,2019
0,11,4,12,6,3110,64,2,10709,2019
0,11,4,12,6,3110,64,1,10809,2019
0,11,4,12,6,3110,64,3,10822,2019
0,11,4,12,6,3110,64,3,10909,2019
0,11,4,12,6,3110,64,3,10978,2019
0,11,4,12,6,3110,64,3,11091,2019
0,11,4,12,6,3110,64,3,11185,2019
0,11,4,12,6,3110,64,3,11251,2019
0,11,4,12,6,3110,64,3,11278,2019
0,11,4,12,6,3110,64,3,11328,2019
0,11,4,12,6,3110,64,3,11373,2019
0,11,4,12,6,3110,64,3,11445,2019
0,11,4,12,6,3110,64,3,11467,2019
0,11,4,12,6,3110,64,1,11485,2019
0,11,4,12,6,3110,64,3,11609,2019
0,11,4,12,6,3110,64,2,11609,2019
0,11,4,12,6,3110,64,3,11638,2019
0,11,4,12,6,3110,64,3,11639,2019
0,11,4,12,6,3110,64,3,11699,2019
0,11,4,12,6,3110,64,3,19999,2019
